{"train": [0.8327139461433495, 0.8296945881057571, 0.8247040563887292, 0.8127440945132748, 0.790576810496194, 0.8067145582083818, 0.8156190221126263, 0.7953533839393448, 0.7892468439353691, 0.8086141966201447, 0.7803959647377768, 0.806712960934901, 0.7857358400638287, 0.8042479348706675, 0.7832425714849116, 0.7702150600297111, 0.7948087985698994, 0.7713046527170873, 0.7510101623587556, 0.7800216021118583, 0.764615806380471, 0.7659239064206134, 0.7626396976984464, 0.7858555406004518, 0.7741809286914029, 0.7824080796032161, 0.7096826938482431, 0.8018472861457657, 0.773111922793336, 0.727020528945294, 0.7503179175513132, 0.7409184445391644, 0.734198212492597, 0.757573131283561, 0.7265645456838083, 0.7570209448154156, 0.7568734575103927, 0.7163287306879903, 0.7161953220000634, 0.7005618213297247, 0.741722414126763, 0.7604821729136038, 0.725870428111527, 0.6980958173563192, 0.742803161091857, 0.7206152834080077, 0.7149794703001504, 0.7523872672856509, 0.7588760419206305, 0.7754253915378025, 0.7628291912131258, 0.7474821706394573, 0.7168075684662704, 0.7520474038281284, 0.7505241204094101, 0.7283697628712916, 0.7363210608670999, 0.6849294906134133, 0.7328782111733825, 0.7061385099704449, 0.7140240899809114, 0.7145391718371884, 0.7542673925777058, 0.7050834878460391, 0.7205321803197756, 0.7102050714440398, 0.7130607696679923, 0.7045359650810996, 0.69089103609651, 0.7150327264607608, 0.7188640665222, 0.7225083478204497], "val": [0.935473947148574, 0.9352654197759795, 0.934884204153429, 0.9346247493175038, 0.9343159031449703, 0.9335490182826394, 0.932159285796316, 0.9304830306454709, 0.9284242621639318, 0.9268647306843808, 0.9233904303165904, 0.916513648995182, 0.9090393635264614, 0.9006601237414176, 0.8893286920430368, 0.8766187115719444, 0.8606424143439845, 0.8512277519493773, 0.8336019453249479, 0.8159532850248772, 0.7985695443655315, 0.7869959620007297, 0.7737771147175839, 0.7531061465280098, 0.7277656741309584, 0.7170897345793875, 0.709939203764263, 0.7029987740934941, 0.6992459935054445, 0.6975642149908501, 0.6961925908138877, 0.6947217175835058, 0.6935757827340511, 0.6926835168871963, 0.6917734428455955, 0.6904843669188651, 0.6894905180261847, 0.6882299623991314, 0.6870466021069309, 0.6850013565598873, 0.6819151033434951, 0.6795485354306405, 0.6753858484719929, 0.6712292349129393, 0.6685101839534023, 0.6639163243143182, 0.6621969258576109, 0.6650223993418509, 0.6614789701344674, 0.6598749620872632, 0.6576757138235527, 0.6469025653705263, 0.6422916723970782, 0.6358248068575274, 0.6211822534862318, 0.6047127821989227, 0.588165867746922, 0.5738951386066905, 0.5714524430141115, 0.5729242981525889, 0.5732233451123823, 0.5703751863094798, 0.5725842201918886, 0.5748210674838016, 0.5857614979409335, 0.6126090141764858, 0.622620585717653, 0.6377668736273783, 0.6519396681534616, 0.6510180182624281, 0.6594015129825526]}