{"train": [0.4326999969780445, 0.16024798015132546, 0.06085411261301488, 0.030349886510521173, 0.024710929777938873, 0.019148893537931144, 0.016827834537252784, 0.015881320025073364, 0.013901724305469543, 0.014618121174862608, 0.014307598292361945, 0.012832253356464207, 0.01222276026965119, 0.011377824237570167, 0.011566156084882095, 0.011147834273288026, 0.01059716078452766, 0.011453199374955148, 0.010684911103453487, 0.009685971424914896, 0.010297185886884108, 0.009703568182885647, 0.010047375311842188, 0.009237938473233953, 0.009536549041513354, 0.009361688222270459, 0.008849556528730318, 0.010422625840874389, 0.009461653156904504, 0.009761663211975247, 0.009213302968419157, 0.009045412676641718, 0.008603984548244625, 0.008255993539933115, 0.008662930704304017, 0.007878070115111768, 0.008803844335488975, 0.009078020142624155, 0.00839863473083824, 0.009620180702768266, 0.008839783287839964, 0.007472940982552245, 0.00706953729968518, 0.008833798536215909, 0.007768742245389149, 0.008373634147574194, 0.00911061059741769, 0.008095189608866349, 0.00820531795034185, 0.008125999826006591], "val": [0.026191357457846925, 0.00884605656590378, 0.011848540159693936, 0.015557162071529188, 0.016093640996698747, 0.015608877466436018, 0.014992214608610723, 0.013001015834641038, 0.011367600215108771, 0.011791751572960302, 0.011109513671774613, 0.009934213600660624, 0.007966975893890648, 0.005950599908828735, 0.008815757276719077, 0.008055239393000017, 0.00881028645916989, 0.009050943349537096, 0.009049842232152036, 0.006799926099024321, 0.006978770358520642, 0.006612860058483325, 0.007058061267200269, 0.005721302408921092, 0.007072039863519501, 0.005696279699342293, 0.006992066638511524, 0.007443712991580628, 0.006797012791298984, 0.006934603839589839, 0.003988677472398992, 0.0063475592617403, 0.0061689356439992, 0.004993234940788202, 0.004185109023462262, 0.0041420049311821925, 0.006346758781817921, 0.006691235983580874, 0.0045790108933783415, 0.0054065940672891185, 0.005707248522524248, 0.004443434900359104, 0.002974488363977064, 0.004314989374395003, 0.004156680352855147, 0.00483615121297669, 0.006873948270814461, 0.005312558328896238, 0.004307609116821958, 0.005149083179340028]}