{"train": [0.5234375, 0.59375, 0.642578125, 0.666015625, 0.69140625, 0.7734375, 0.7421875, 0.822265625, 0.802734375, 0.822265625, 0.810546875, 0.841796875, 0.845703125, 0.8671875, 0.87890625, 0.84375, 0.87109375, 0.87109375, 0.884765625, 0.8828125, 0.873046875, 0.8828125, 0.890625, 0.873046875, 0.908203125, 0.896484375, 0.888671875, 0.8828125, 0.888671875, 0.89453125, 0.876953125, 0.904296875, 0.900390625, 0.896484375, 0.8984375, 0.888671875, 0.892578125, 0.8828125, 0.8984375, 0.88671875, 0.888671875, 0.90234375, 0.908203125, 0.904296875, 0.90625, 0.908203125, 0.884765625, 0.9140625, 0.896484375, 0.896484375], "val": [0.8421052631578947, 0.9298245614035088, 0.9298245614035088, 0.9649122807017544, 0.9298245614035088, 0.9298245614035088, 0.9473684210526315, 0.9298245614035088, 0.9649122807017544, 0.9298245614035088, 0.9649122807017544, 0.9473684210526315, 0.9649122807017544, 0.9473684210526315, 0.9473684210526315, 0.9649122807017544, 0.9473684210526315, 0.9473684210526315, 0.9298245614035088, 0.9298245614035088, 0.9298245614035088, 0.9649122807017544, 0.9473684210526315, 0.9473684210526315, 0.9473684210526315, 0.9649122807017544, 0.9824561403508771, 0.9824561403508771, 0.9649122807017544, 0.9649122807017544, 0.9649122807017544, 0.9473684210526315, 0.9473684210526315, 0.9649122807017544, 0.9649122807017544, 0.9824561403508771, 0.9824561403508771, 0.9473684210526315, 0.9824561403508771, 0.9649122807017544, 0.9473684210526315, 0.9649122807017544, 0.9649122807017544, 0.9649122807017544, 0.9649122807017544, 0.9649122807017544, 0.9649122807017544, 0.9473684210526315, 0.9649122807017544, 0.9649122807017544]}